,id,name,localized_name,primary_attr,attack_type,roles,img,icon,base_health,base_health_regen,base_mana,base_mana_regen,base_armor,base_mr,base_attack_min,base_attack_max,base_str,base_agi,base_int,str_gain,agi_gain,int_gain,attack_range,projectile_speed,attack_rate,move_speed,turn_rate,cm_enabled,legs,hero_id,turbo_picks,turbo_wins,pro_ban,pro_win,pro_pick,1_pick,1_win,2_pick,2_win,3_pick,3_win,4_pick,4_win,5_pick,5_win,6_pick,6_win,7_pick,7_win,8_pick,8_win,null_pick,null_win
0,1,npc_dota_hero_antimage,Anti-Mage,agi,Melee,"['Carry', 'Escape', 'Nuker']",/apps/dota2/images/heroes/antimage_full.png?,/apps/dota2/images/heroes/antimage_icon.png,200,0.25,75,0.0,0.0,25,29,33,23,24,12,1.3,2.8,1.8,150,0,1.4,310,,True,2,1,194402,98032,126,21,44,18842,9303,37559,18703,49698,24890,45812,22693,27515,13573,12067,5805,5135,2503,1412,664,2280524,0
1,2,npc_dota_hero_axe,Axe,str,Melee,"['Initiator', 'Durable', 'Disabler', 'Jungler', 'Carry']",/apps/dota2/images/heroes/axe_full.png?,/apps/dota2/images/heroes/axe_icon.png,200,2.75,75,0.0,-1.0,25,27,31,25,20,18,3.4,2.2,1.6,150,900,1.7,310,,True,2,2,245106,126446,144,66,138,22729,11977,46573,24533,63480,33267,60637,31813,39362,20300,18147,9346,7829,3974,2237,1132,2077099,0
2,3,npc_dota_hero_bane,Bane,int,Ranged,"['Support', 'Disabler', 'Nuker', 'Durable']",/apps/dota2/images/heroes/bane_full.png?,/apps/dota2/images/heroes/bane_icon.png,200,,75,0.0,1.0,25,35,41,22,22,22,2.6,2.6,2.6,400,900,1.7,305,,True,4,3,37787,16661,2,8,12,2945,1378,5795,2755,7968,3880,7910,3968,5120,2575,2491,1286,1161,594,464,267,433375,0
3,4,npc_dota_hero_bloodseeker,Bloodseeker,agi,Melee,"['Carry', 'Disabler', 'Jungler', 'Nuker', 'Initiator']",/apps/dota2/images/heroes/bloodseeker_full.png?,/apps/dota2/images/heroes/bloodseeker_icon.png,200,,75,0.0,2.0,25,35,41,24,22,17,2.7,3.4,2.0,150,900,1.7,300,,True,2,4,139192,69671,68,20,45,13732,7175,18854,9806,20240,10542,17133,9020,10035,5221,4136,2098,1702,878,550,276,846180,0
4,5,npc_dota_hero_crystal_maiden,Crystal Maiden,int,Ranged,"['Support', 'Disabler', 'Nuker', 'Jungler']",/apps/dota2/images/heroes/crystal_maiden_full.png?,/apps/dota2/images/heroes/crystal_maiden_icon.png,200,,75,1.0,-1.0,25,28,34,18,16,16,2.2,1.6,3.3,600,900,1.7,280,,True,2,5,187827,93382,4,16,27,21047,10755,38905,19745,49085,24645,44557,22039,26719,13258,11481,5623,4570,2203,1354,653,2343725,0
5,6,npc_dota_hero_drow_ranger,Drow Ranger,agi,Ranged,"['Carry', 'Disabler', 'Pusher']",/apps/dota2/images/heroes/drow_ranger_full.png?,/apps/dota2/images/heroes/drow_ranger_icon.png,200,0.25,75,0.0,0.0,25,29,36,18,20,15,1.9,2.9,1.4,625,1250,1.7,290,0.7,True,2,6,343481,184044,87,19,50,23840,12529,39263,20856,46945,25084,41950,22287,25387,13339,10971,5830,4186,2227,1089,561,1620970,0
6,7,npc_dota_hero_earthshaker,Earthshaker,str,Melee,"['Support', 'Initiator', 'Disabler', 'Nuker']",/apps/dota2/images/heroes/earthshaker_full.png?,/apps/dota2/images/heroes/earthshaker_icon.png,200,1.0,75,0.0,2.0,25,27,37,22,12,16,3.7,1.4,1.8,150,0,1.7,310,0.9,True,2,7,197624,94546,3,5,9,13613,6488,27951,13173,39498,18796,38780,18426,24317,11723,10461,5006,3929,1901,1005,470,1975552,0
7,8,npc_dota_hero_juggernaut,Juggernaut,agi,Melee,"['Carry', 'Pusher', 'Escape']",/apps/dota2/images/heroes/juggernaut_full.png?,/apps/dota2/images/heroes/juggernaut_icon.png,200,0.5,75,0.0,0.0,25,16,20,20,34,14,2.2,2.8,1.4,150,0,1.4,305,,True,2,8,383395,193651,296,64,129,29348,14801,59345,30168,81558,41748,77820,39966,49294,25381,21997,11032,9164,4526,2303,1056,3205735,0
8,9,npc_dota_hero_mirana,Mirana,agi,Ranged,"['Carry', 'Support', 'Escape', 'Nuker', 'Disabler']",/apps/dota2/images/heroes/mirana_full.png?,/apps/dota2/images/heroes/mirana_icon.png,200,,75,0.4,-1.0,25,27,32,18,18,22,2.2,3.7,1.9,630,900,1.7,290,,True,2,9,208023,107154,59,85,160,13978,7192,33786,17522,52452,27137,53196,27490,34101,17598,15062,7705,6082,3167,2107,1085,2302806,0
9,10,npc_dota_hero_morphling,Morphling,agi,Ranged,"['Carry', 'Escape', 'Durable', 'Nuker', 'Disabler']",/apps/dota2/images/heroes/morphling_full.png?,/apps/dota2/images/heroes/morphling_icon.png,200,,75,0.0,-2.0,25,9,18,22,24,19,3.0,4.3,1.8,350,1300,1.5,280,,True,0,10,149528,75538,278,66,128,11487,5695,23332,11593,32571,15866,32483,15628,22236,10623,11000,5178,5378,2603,2063,980,1477037,0
10,11,npc_dota_hero_nevermore,Shadow Fiend,agi,Ranged,"['Carry', 'Nuker']",/apps/dota2/images/heroes/nevermore_full.png?,/apps/dota2/images/heroes/nevermore_icon.png,200,0.25,75,0.3,1.0,25,19,25,19,20,18,2.7,3.5,2.2,500,1200,1.6,305,0.9,True,0,11,316271,149552,49,23,39,22929,11091,44552,21615,60114,29102,58871,27845,38005,17938,17616,8229,7605,3426,1779,823,2641825,0
11,12,npc_dota_hero_phantom_lancer,Phantom Lancer,agi,Melee,"['Carry', 'Escape', 'Pusher', 'Nuker']",/apps/dota2/images/heroes/phantom_lancer_full.png?,/apps/dota2/images/heroes/phantom_lancer_icon.png,200,1.5,75,0.0,-1.0,25,26,36,19,26,21,2.2,3.2,2.0,150,900,1.7,290,,True,2,12,162101,84501,338,30,60,16166,8418,28963,14753,36892,18769,34277,17287,22097,11199,10429,5353,5077,2632,1987,1043,1432433,0
12,13,npc_dota_hero_puck,Puck,int,Ranged,"['Initiator', 'Disabler', 'Escape', 'Nuker']",/apps/dota2/images/heroes/puck_full.png?,/apps/dota2/images/heroes/puck_icon.png,200,0.5,75,0.0,-3.0,25,23,31,17,22,23,2.4,2.5,3.5,550,900,1.7,290,0.8,True,2,13,123945,58916,517,113,232,6889,3220,17949,8582,32959,15823,39843,19594,30752,15262,15756,7722,7484,3666,3072,1534,1742566,0
13,14,npc_dota_hero_pudge,Pudge,str,Melee,"['Disabler', 'Initiator', 'Durable', 'Nuker']",/apps/dota2/images/heroes/pudge_full.png?,/apps/dota2/images/heroes/pudge_icon.png,200,2.0,75,0.0,0.0,25,42,48,25,14,16,3.0,1.4,1.5,175,0,1.7,280,0.7,True,2,14,832807,398208,8,7,17,38419,19639,75483,38407,101411,50844,96658,47905,60955,29818,27243,13083,10973,5343,2578,1138,3567317,0
14,15,npc_dota_hero_razor,Razor,agi,Ranged,"['Carry', 'Durable', 'Nuker', 'Pusher']",/apps/dota2/images/heroes/razor_full.png?,/apps/dota2/images/heroes/razor_icon.png,200,1.0,75,0.0,-1.0,25,23,25,22,22,21,2.8,2.6,2.2,475,2000,1.7,290,,True,0,15,92711,46226,201,37,68,8013,3889,12836,6429,17433,8866,17547,8866,11985,6158,5689,2920,2550,1294,789,375,725009,0
15,16,npc_dota_hero_sand_king,Sand King,str,Melee,"['Initiator', 'Disabler', 'Support', 'Nuker', 'Escape', 'Jungler']",/apps/dota2/images/heroes/sand_king_full.png?,/apps/dota2/images/heroes/sand_king_icon.png,200,,75,0.0,-1.0,25,23,33,22,19,19,3.0,1.8,1.8,150,900,1.7,290,,True,6,16,161447,88327,77,46,101,11678,6324,23757,12716,34132,17972,34907,18468,23884,12544,11737,6100,5479,2809,1838,949,1398148,0
16,17,npc_dota_hero_storm_spirit,Storm Spirit,int,Ranged,"['Carry', 'Escape', 'Nuker', 'Initiator', 'Disabler']",/apps/dota2/images/heroes/storm_spirit_full.png?,/apps/dota2/images/heroes/storm_spirit_icon.png,200,,75,0.0,2.0,25,26,36,21,22,23,2.0,1.7,3.9,480,1100,1.7,285,0.8,True,2,17,151789,69788,214,39,103,10555,4828,23012,10528,33927,15905,35307,16837,23466,11264,11307,5566,5083,2398,1717,889,1606698,0
17,18,npc_dota_hero_sven,Sven,str,Melee,"['Carry', 'Disabler', 'Initiator', 'Durable', 'Nuker']",/apps/dota2/images/heroes/sven_full.png?,/apps/dota2/images/heroes/sven_icon.png,200,,75,0.0,1.0,25,41,43,22,21,16,3.2,2.0,1.3,150,0,1.8,325,,True,2,18,128477,61061,67,31,63,13152,6437,21948,10278,24876,11675,20428,9557,11450,5403,4917,2389,2112,1027,799,388,909247,0
18,19,npc_dota_hero_tiny,Tiny,str,Melee,"['Carry', 'Nuker', 'Pusher', 'Initiator', 'Durable', 'Disabler']",/apps/dota2/images/heroes/tiny_full.png?,/apps/dota2/images/heroes/tiny_icon.png,200,1.5,75,0.0,0.0,25,31,37,28,0,17,3.8,0.0,2.2,150,900,1.7,300,,True,2,19,113897,47735,209,155,325,7930,3465,17442,7684,28411,12651,32253,14616,23898,10805,12419,5699,5946,2754,2800,1331,972568,0
19,20,npc_dota_hero_vengefulspirit,Vengeful Spirit,agi,Ranged,"['Support', 'Initiator', 'Disabler', 'Nuker', 'Escape']",/apps/dota2/images/heroes/vengefulspirit_full.png?,/apps/dota2/images/heroes/vengefulspirit_icon.png,200,0.25,75,0.0,0.0,25,24,30,19,20,19,2.6,3.8,1.5,400,1500,1.7,295,,True,2,20,118793,62370,3,2,5,8416,4262,16313,8302,21719,10831,20028,10073,12075,6003,5067,2560,1784,870,466,228,911537,0
20,21,npc_dota_hero_windrunner,Windranger,int,Ranged,"['Carry', 'Support', 'Disabler', 'Escape', 'Nuker']",/apps/dota2/images/heroes/windrunner_full.png?,/apps/dota2/images/heroes/windrunner_icon.png,200,,75,0.0,-1.0,25,24,36,18,17,18,3.0,1.4,3.6,600,1250,1.5,290,0.8,True,2,21,384043,198338,51,28,69,24810,12708,46596,23673,63163,32149,61882,31462,40488,20752,18373,9416,7836,3893,2340,1150,2746319,0
21,22,npc_dota_hero_zuus,Zeus,int,Ranged,"['Nuker', 'Carry']",/apps/dota2/images/heroes/zuus_full.png?,/apps/dota2/images/heroes/zuus_icon.png,200,,75,0.0,2.0,25,33,41,19,11,22,2.1,1.2,3.3,380,1100,1.7,310,,True,2,22,333918,180025,6,6,10,19704,10498,35198,18481,45662,23772,41218,21346,23909,12117,9748,4746,3331,1544,654,287,2051275,0
22,23,npc_dota_hero_kunkka,Kunkka,str,Melee,"['Carry', 'Support', 'Disabler', 'Initiator', 'Durable', 'Nuker']",/apps/dota2/images/heroes/kunkka_full.png?,/apps/dota2/images/heroes/kunkka_icon.png,200,0.75,75,0.0,2.0,25,26,36,24,14,18,3.8,1.6,1.8,150,900,1.7,305,,True,2,23,124177,59468,96,42,71,10648,4939,20828,9906,28193,13865,26375,12990,15906,7970,6303,3154,2393,1206,786,404,922616,0
23,25,npc_dota_hero_lina,Lina,int,Ranged,"['Support', 'Carry', 'Nuker', 'Disabler']",/apps/dota2/images/heroes/lina_full.png?,/apps/dota2/images/heroes/lina_icon.png,200,,75,0.0,0.0,25,19,27,20,23,30,2.4,2.1,3.7,670,1000,1.6,290,,True,2,25,226886,102058,179,91,188,19716,8969,36959,17164,50315,23639,50566,24170,33745,16258,15883,7808,7061,3516,2426,1215,1938893,0
24,26,npc_dota_hero_lion,Lion,int,Ranged,"['Support', 'Disabler', 'Nuker', 'Initiator']",/apps/dota2/images/heroes/lion_full.png?,/apps/dota2/images/heroes/lion_icon.png,200,,75,0.0,0.0,25,29,35,18,18,18,2.2,1.5,3.5,600,900,1.7,290,,True,2,26,474536,219512,123,181,352,36874,18408,72673,35946,97892,48422,94714,46624,59604,29285,26960,13256,11492,5657,3288,1613,3354360,0
25,27,npc_dota_hero_shadow_shaman,Shadow Shaman,int,Ranged,"['Support', 'Pusher', 'Disabler', 'Nuker', 'Initiator']",/apps/dota2/images/heroes/shadow_shaman_full.png?,/apps/dota2/images/heroes/shadow_shaman_icon.png,200,,75,0.0,2.0,25,46,53,23,16,25,2.3,1.6,3.5,400,900,1.7,285,,True,2,27,231528,120462,15,14,35,23606,11974,43477,22399,57350,29676,53515,27723,33841,17655,15040,7783,6559,3452,1724,876,2478433,0
26,28,npc_dota_hero_slardar,Slardar,str,Melee,"['Carry', 'Durable', 'Initiator', 'Disabler', 'Escape']",/apps/dota2/images/heroes/slardar_full.png?,/apps/dota2/images/heroes/slardar_icon.png,200,0.5,75,0.0,3.0,25,30,38,21,17,15,3.6,2.4,1.5,150,0,1.7,300,,True,0,28,156175,82677,106,31,60,13040,6584,25017,12487,32974,16590,30069,15084,18070,9008,7620,3813,3127,1543,994,512,1366768,0
27,29,npc_dota_hero_tidehunter,Tidehunter,str,Melee,"['Initiator', 'Durable', 'Disabler', 'Nuker', 'Carry']",/apps/dota2/images/heroes/tidehunter_full.png?,/apps/dota2/images/heroes/tidehunter_icon.png,200,,75,0.0,0.0,25,25,31,27,15,18,3.5,1.5,1.7,150,900,1.7,300,,True,2,29,95512,48714,226,58,114,9090,4681,20778,10513,29986,15079,28375,14333,17360,8715,7558,3715,3142,1535,1097,514,1317912,0
28,30,npc_dota_hero_witch_doctor,Witch Doctor,int,Ranged,"['Support', 'Nuker', 'Disabler']",/apps/dota2/images/heroes/witch_doctor_full.png?,/apps/dota2/images/heroes/witch_doctor_icon.png,200,,75,0.0,0.0,25,29,39,18,13,22,2.3,1.4,3.3,600,1200,1.7,300,,True,2,30,196767,95452,12,22,51,22883,11360,43902,21603,56407,27663,49483,24238,28385,13730,11595,5426,4236,1990,1026,477,2315273,0
29,31,npc_dota_hero_lich,Lich,int,Ranged,"['Support', 'Nuker']",/apps/dota2/images/heroes/lich_full.png?,/apps/dota2/images/heroes/lich_icon.png,200,,75,0.75,-1.0,25,24,33,20,15,24,2.1,2.0,4.1,550,900,1.7,295,,True,2,31,106964,52343,7,12,23,11833,5880,21982,10883,30263,14913,29292,14340,19385,9560,8717,4174,3693,1747,978,445,1470355,0
30,32,npc_dota_hero_riki,Riki,agi,Melee,"['Carry', 'Escape', 'Disabler']",/apps/dota2/images/heroes/riki_full.png?,/apps/dota2/images/heroes/riki_icon.png,200,2.5,75,0.0,3.0,25,41,45,18,18,14,2.4,1.4,1.3,150,900,1.7,320,,True,2,32,172791,89579,34,16,37,15058,7825,25893,13682,31176,16255,27581,14631,17257,9198,8277,4419,3613,1944,1172,633,1643417,0
31,33,npc_dota_hero_enigma,Enigma,int,Ranged,"['Disabler', 'Jungler', 'Initiator', 'Pusher']",/apps/dota2/images/heroes/enigma_full.png?,/apps/dota2/images/heroes/enigma_icon.png,200,,75,0.0,2.0,25,24,30,21,14,19,2.5,1.0,3.6,500,900,1.7,290,,True,0,33,144399,81213,34,19,25,6885,3647,15211,8223,20402,11209,18286,9894,10894,5874,4756,2570,1984,1106,677,361,797711,0
32,34,npc_dota_hero_tinker,Tinker,int,Ranged,"['Carry', 'Nuker', 'Pusher']",/apps/dota2/images/heroes/tinker_full.png?,/apps/dota2/images/heroes/tinker_icon.png,200,,75,0.75,2.0,25,24,30,18,13,30,2.5,1.2,3.3,500,900,1.7,290,,True,2,34,131038,59995,17,3,8,9209,4397,20367,9798,29571,14589,28896,14495,18975,9671,8998,4668,4017,2162,954,504,1172135,0
33,35,npc_dota_hero_sniper,Sniper,agi,Ranged,"['Carry', 'Nuker']",/apps/dota2/images/heroes/sniper_full.png?,/apps/dota2/images/heroes/sniper_icon.png,200,,75,0.0,-1.0,25,13,19,19,27,15,2.0,3.2,2.6,550,3000,1.7,285,0.7,True,2,35,588509,292541,4,2,4,34304,17051,55948,28042,65028,32497,50460,25162,25021,12360,7876,3754,1938,909,263,130,2337925,0
34,36,npc_dota_hero_necrolyte,Necrophos,int,Ranged,"['Carry', 'Nuker', 'Durable', 'Disabler']",/apps/dota2/images/heroes/necrolyte_full.png?,/apps/dota2/images/heroes/necrolyte_icon.png,200,,75,0.0,1.0,25,26,30,18,12,21,2.6,1.3,2.7,500,1200,1.7,280,,True,2,36,133036,69505,24,12,22,12614,6646,24569,13075,31844,16918,28950,15576,17492,9269,7599,3985,3171,1688,771,384,1003851,0
35,37,npc_dota_hero_warlock,Warlock,int,Ranged,"['Support', 'Initiator', 'Disabler']",/apps/dota2/images/heroes/warlock_full.png?,/apps/dota2/images/heroes/warlock_icon.png,200,,75,0.0,1.0,25,24,34,26,10,25,3.0,1.0,3.1,600,1200,1.7,290,,True,2,37,88420,48475,18,40,83,7801,4032,16811,8894,25206,13350,26030,13571,18506,9662,9182,4691,4563,2312,1410,664,881727,0
36,38,npc_dota_hero_beastmaster,Beastmaster,str,Melee,"['Initiator', 'Disabler', 'Durable', 'Nuker']",/apps/dota2/images/heroes/beastmaster_full.png?,/apps/dota2/images/heroes/beastmaster_icon.png,200,,75,0.0,0.0,25,35,39,23,18,16,2.9,1.6,1.9,150,0,1.7,305,,True,2,38,28155,11835,31,11,33,1690,766,3082,1270,4183,1810,3805,1699,2244,988,977,435,385,183,203,105,468435,0
37,39,npc_dota_hero_queenofpain,Queen of Pain,int,Ranged,"['Carry', 'Nuker', 'Escape']",/apps/dota2/images/heroes/queenofpain_full.png?,/apps/dota2/images/heroes/queenofpain_icon.png,200,,75,0.0,0.0,25,21,27,18,22,25,2.4,2.5,3.4,550,1500,1.5,290,,True,2,39,140690,65327,54,14,32,11271,5249,23340,10843,32882,15391,32385,15372,20398,9752,9050,4287,3646,1725,1007,463,1509448,0
38,40,npc_dota_hero_venomancer,Venomancer,agi,Ranged,"['Support', 'Nuker', 'Initiator', 'Pusher', 'Disabler']",/apps/dota2/images/heroes/venomancer_full.png?,/apps/dota2/images/heroes/venomancer_icon.png,200,,75,0.0,0.0,25,18,21,19,26,19,2.1,3.2,1.8,450,900,1.7,280,,True,0,40,172100,86793,77,22,44,10494,5112,20764,10341,28265,14189,27780,14171,17231,8703,7799,4016,3079,1657,1027,531,1080555,0
39,41,npc_dota_hero_faceless_void,Faceless Void,agi,Melee,"['Carry', 'Initiator', 'Disabler', 'Escape', 'Durable']",/apps/dota2/images/heroes/faceless_void_full.png?,/apps/dota2/images/heroes/faceless_void_icon.png,200,0.5,75,0.0,1.0,25,37,43,22,19,15,2.4,3.0,1.5,150,900,1.7,300,0.9,True,2,41,246819,126378,397,76,152,20392,9932,40391,19767,53901,26710,50532,25063,32295,16353,15158,7779,6592,3311,2418,1269,1798891,0
40,42,npc_dota_hero_skeleton_king,Wraith King,str,Melee,"['Carry', 'Support', 'Durable', 'Disabler', 'Initiator']",/apps/dota2/images/heroes/skeleton_king_full.png?,/apps/dota2/images/heroes/skeleton_king_icon.png,200,,75,0.0,-1.0,25,38,40,22,18,18,3.0,1.7,1.6,150,0,1.7,315,,True,2,42,288561,162237,238,93,178,22942,12681,43520,23823,55456,29650,51918,27345,33321,17395,15214,7875,6877,3462,2259,1145,2593583,0
41,43,npc_dota_hero_death_prophet,Death Prophet,int,Ranged,"['Carry', 'Pusher', 'Nuker', 'Disabler']",/apps/dota2/images/heroes/death_prophet_full.png?,/apps/dota2/images/heroes/death_prophet_icon.png,200,,75,0.0,1.0,25,23,33,19,14,24,3.1,1.4,3.5,600,1000,1.7,320,0.8,True,2,43,57692,26676,161,46,96,5705,2611,9258,4273,11391,5349,10589,4929,6565,3057,3041,1471,1382,632,544,271,596599,0
42,44,npc_dota_hero_phantom_assassin,Phantom Assassin,agi,Melee,"['Carry', 'Escape']",/apps/dota2/images/heroes/phantom_assassin_full.png?,/apps/dota2/images/heroes/phantom_assassin_icon.png,200,0.25,75,0.0,1.0,25,32,34,21,23,15,2.2,3.4,1.4,150,900,1.7,305,,True,2,44,393128,201887,75,24,58,29954,14686,51855,24815,62954,29723,54470,25146,31250,14221,12890,5827,4942,2256,1452,630,2782653,0
43,45,npc_dota_hero_pugna,Pugna,int,Ranged,"['Nuker', 'Pusher']",/apps/dota2/images/heroes/pugna_full.png?,/apps/dota2/images/heroes/pugna_icon.png,200,,75,0.5,0.0,25,21,28,19,24,24,2.0,1.3,5.2,630,900,1.7,330,,True,2,45,112692,53082,27,10,22,7705,3499,13463,6311,17621,8370,16888,8249,10867,5341,4950,2454,2342,1160,811,414,799733,0
44,46,npc_dota_hero_templar_assassin,Templar Assassin,agi,Ranged,"['Carry', 'Escape']",/apps/dota2/images/heroes/templar_assassin_full.png?,/apps/dota2/images/heroes/templar_assassin_icon.png,200,0.25,75,0.0,1.0,25,30,36,21,23,20,2.4,3.2,2.0,160,900,1.7,305,0.7,True,2,46,109732,50618,341,110,185,9505,4166,17251,7928,24751,11823,26623,13180,19817,9952,10495,5426,5289,2743,2141,1134,708416,0
45,47,npc_dota_hero_viper,Viper,agi,Ranged,"['Carry', 'Durable', 'Initiator', 'Disabler']",/apps/dota2/images/heroes/viper_full.png?,/apps/dota2/images/heroes/viper_icon.png,200,,75,0.0,-2.0,25,27,29,21,21,17,2.4,2.5,2.0,575,1200,1.7,275,,True,0,47,278074,136790,402,49,111,19747,9417,31546,15210,40039,19419,35759,17419,21523,10528,9238,4493,4016,1976,1535,724,1444090,0
46,48,npc_dota_hero_luna,Luna,agi,Ranged,"['Carry', 'Nuker', 'Pusher']",/apps/dota2/images/heroes/luna_full.png?,/apps/dota2/images/heroes/luna_icon.png,200,0.5,75,0.0,2.0,25,26,32,21,24,23,2.2,3.4,1.9,330,900,1.7,325,,True,2,48,207375,107611,142,56,95,15636,8009,28962,14825,39212,20343,38600,20083,25801,13397,12749,6716,6012,3175,2425,1233,1276048,0
47,49,npc_dota_hero_dragon_knight,Dragon Knight,str,Melee,"['Carry', 'Pusher', 'Durable', 'Disabler', 'Initiator', 'Nuker']",/apps/dota2/images/heroes/dragon_knight_full.png?,/apps/dota2/images/heroes/dragon_knight_icon.png,200,,75,0.0,0.0,25,31,37,21,19,18,3.4,2.0,1.7,150,900,1.7,310,,True,2,49,106664,54371,113,85,151,11861,6104,22611,11466,29120,14730,26269,13259,15858,8085,6922,3480,2938,1462,1114,565,1043684,0
48,50,npc_dota_hero_dazzle,Dazzle,int,Ranged,"['Support', 'Nuker', 'Disabler']",/apps/dota2/images/heroes/dazzle_full.png?,/apps/dota2/images/heroes/dazzle_icon.png,200,,75,0.0,-1.0,25,22,28,18,21,25,2.5,1.7,3.7,550,1200,1.7,305,0.7,True,2,50,182815,99338,2,2,12,15782,8494,33955,18233,44130,23579,39680,20936,23479,12126,9705,5048,3580,1793,806,407,1401257,0
49,51,npc_dota_hero_rattletrap,Clockwerk,str,Melee,"['Initiator', 'Disabler', 'Durable', 'Nuker']",/apps/dota2/images/heroes/rattletrap_full.png?,/apps/dota2/images/heroes/rattletrap_icon.png,200,,75,0.0,0.0,25,24,26,26,13,18,3.5,2.3,1.5,150,900,1.7,310,,True,2,51,94776,49370,103,93,178,5290,2601,13550,6655,22651,11105,24473,11943,17101,8409,8496,4241,3892,1881,1467,733,955882,0
50,52,npc_dota_hero_leshrac,Leshrac,int,Ranged,"['Carry', 'Support', 'Nuker', 'Pusher', 'Disabler']",/apps/dota2/images/heroes/leshrac_full.png?,/apps/dota2/images/heroes/leshrac_icon.png,200,,75,0.0,0.0,25,22,26,20,23,22,2.5,2.8,3.5,575,900,1.7,325,,True,4,52,74115,35047,184,77,150,4341,2108,9077,4106,14116,6587,16426,7679,12506,6079,6930,3405,3927,1973,2076,1013,464114,0
51,53,npc_dota_hero_furion,Nature's Prophet,int,Ranged,"['Carry', 'Jungler', 'Pusher', 'Escape', 'Nuker']",/apps/dota2/images/heroes/furion_full.png?,/apps/dota2/images/heroes/furion_icon.png,200,,75,0.0,0.0,25,27,37,21,22,23,2.6,3.6,3.7,600,1125,1.7,295,,True,2,53,203583,101837,22,16,41,13403,5962,19800,8431,21011,8718,17405,7187,9910,4132,4072,1776,1637,709,630,310,959146,0
52,54,npc_dota_hero_life_stealer,Lifestealer,str,Melee,"['Carry', 'Durable', 'Jungler', 'Escape', 'Disabler']",/apps/dota2/images/heroes/life_stealer_full.png?,/apps/dota2/images/heroes/life_stealer_icon.png,200,,75,0.0,1.0,25,22,28,25,18,15,2.4,2.4,1.8,150,900,1.7,325,0.9,True,2,54,160496,82383,266,42,81,13960,7124,27894,14184,37607,19217,36931,19036,24385,12507,11296,5717,4920,2469,1515,746,1253003,0
53,55,npc_dota_hero_dark_seer,Dark Seer,int,Melee,"['Initiator', 'Jungler', 'Escape', 'Disabler']",/apps/dota2/images/heroes/dark_seer_full.png?,/apps/dota2/images/heroes/dark_seer_icon.png,200,,75,0.0,2.0,25,33,39,20,18,21,3.1,1.8,3.1,150,900,1.7,295,,True,2,55,85242,48592,149,62,106,4003,2123,8349,4593,11985,6455,13210,7215,9680,5414,5243,2900,2764,1498,1092,598,424707,0
54,56,npc_dota_hero_clinkz,Clinkz,agi,Ranged,"['Carry', 'Escape', 'Pusher']",/apps/dota2/images/heroes/clinkz_full.png?,/apps/dota2/images/heroes/clinkz_icon.png,200,0.25,75,0.0,0.0,25,15,21,16,22,18,2.0,2.7,2.2,625,900,1.7,290,,True,2,56,181211,100019,4,5,9,10673,5415,16487,8629,18593,9893,16503,8822,10437,5658,4999,2704,2080,1142,386,198,959724,0
55,57,npc_dota_hero_omniknight,Omniknight,str,Melee,"['Support', 'Durable', 'Nuker']",/apps/dota2/images/heroes/omniknight_full.png?,/apps/dota2/images/heroes/omniknight_icon.png,200,,75,0.0,1.0,25,31,41,24,15,15,3.4,1.8,1.8,150,900,1.7,315,,True,2,57,54598,28584,13,9,23,4028,2109,8106,4290,10141,5278,9607,5141,5861,3073,2454,1317,981,541,323,173,421255,0
56,58,npc_dota_hero_enchantress,Enchantress,int,Ranged,"['Support', 'Jungler', 'Pusher', 'Durable', 'Disabler']",/apps/dota2/images/heroes/enchantress_full.png?,/apps/dota2/images/heroes/enchantress_icon.png,200,,75,0.0,1.0,25,23,33,17,19,22,1.7,1.8,3.8,575,900,1.7,320,,True,4,58,73684,34944,267,110,208,6286,2999,9100,4090,10874,4913,10469,4770,7034,3153,3644,1659,1964,887,1071,480,367683,0
57,59,npc_dota_hero_huskar,Huskar,str,Ranged,"['Carry', 'Durable', 'Initiator']",/apps/dota2/images/heroes/huskar_full.png?,/apps/dota2/images/heroes/huskar_icon.png,200,,75,0.0,-1.0,25,21,26,21,13,18,3.4,1.6,1.5,400,1400,1.6,290,,True,2,59,165939,85687,25,4,12,16301,8317,22875,11609,25684,13324,22147,11652,13405,7224,6156,3361,2697,1409,669,345,906700,0
58,60,npc_dota_hero_night_stalker,Night Stalker,str,Melee,"['Carry', 'Initiator', 'Durable', 'Disabler', 'Nuker']",/apps/dota2/images/heroes/night_stalker_full.png?,/apps/dota2/images/heroes/night_stalker_icon.png,200,2.25,75,0.0,2.0,25,38,42,23,18,15,3.0,2.3,1.6,150,900,1.7,295,,True,2,60,45569,21537,19,8,17,4110,1919,8629,4229,12542,6342,13104,6747,8795,4527,4343,2295,2137,1142,651,337,683203,0
59,61,npc_dota_hero_broodmother,Broodmother,agi,Melee,"['Carry', 'Pusher', 'Escape', 'Nuker']",/apps/dota2/images/heroes/broodmother_full.png?,/apps/dota2/images/heroes/broodmother_icon.png,200,,75,0.0,0.0,25,29,35,18,19,18,3.2,3.0,2.0,150,900,1.7,275,,True,8,61,41301,17216,488,48,87,3623,1664,5921,2716,8238,3975,9576,4844,7958,4241,4875,2708,3071,1745,1592,941,286843,0
60,62,npc_dota_hero_bounty_hunter,Bounty Hunter,agi,Melee,"['Escape', 'Nuker']",/apps/dota2/images/heroes/bounty_hunter_full.png?,/apps/dota2/images/heroes/bounty_hunter_icon.png,200,1.25,75,0.5,4.0,25,30,38,20,21,22,2.5,2.6,1.9,150,900,1.7,320,,True,2,62,169304,76446,3,3,6,15439,7488,25256,12377,32083,15859,31015,15445,20809,10497,10252,5221,4626,2389,1446,754,1560392,0
61,63,npc_dota_hero_weaver,Weaver,agi,Ranged,"['Carry', 'Escape']",/apps/dota2/images/heroes/weaver_full.png?,/apps/dota2/images/heroes/weaver_icon.png,200,1.0,75,0.75,0.0,25,36,46,16,17,20,2.0,3.1,2.0,425,900,1.8,275,,True,4,63,185432,93389,17,6,18,14463,7090,23129,11197,26434,12838,22220,10834,13045,6350,5521,2675,2134,1033,639,329,1272188,0
62,64,npc_dota_hero_jakiro,Jakiro,int,Ranged,"['Support', 'Nuker', 'Pusher', 'Disabler']",/apps/dota2/images/heroes/jakiro_full.png?,/apps/dota2/images/heroes/jakiro_icon.png,200,,75,0.0,1.0,25,27,35,27,15,26,3.0,1.2,2.8,400,1100,1.7,290,,True,2,64,109419,56699,1,4,12,9177,4709,20807,10885,30840,15889,31208,15990,20164,10284,9112,4597,3654,1858,1015,531,1377358,0
63,65,npc_dota_hero_batrider,Batrider,int,Ranged,"['Initiator', 'Jungler', 'Disabler', 'Escape']",/apps/dota2/images/heroes/batrider_full.png?,/apps/dota2/images/heroes/batrider_icon.png,200,1.75,75,0.0,1.0,25,19,23,28,15,22,2.9,1.8,2.9,375,900,1.7,295,0.9,True,2,65,30977,13022,171,30,60,1747,784,3419,1431,4882,2126,5018,2214,3503,1554,1746,801,1031,535,617,329,322894,0
64,66,npc_dota_hero_chen,Chen,int,Ranged,"['Support', 'Jungler', 'Pusher']",/apps/dota2/images/heroes/chen_full.png?,/apps/dota2/images/heroes/chen_icon.png,200,,75,0.5,-1.0,25,25,35,25,15,19,2.0,2.1,3.2,650,1100,1.7,300,,True,2,66,25895,10800,3,4,6,1005,444,1634,746,2146,972,2017,901,1318,596,583,270,300,151,182,101,86711,0
65,67,npc_dota_hero_spectre,Spectre,agi,Melee,"['Carry', 'Durable', 'Escape']",/apps/dota2/images/heroes/spectre_full.png?,/apps/dota2/images/heroes/spectre_icon.png,200,1.5,75,0.0,1.0,25,23,27,23,23,16,2.5,2.1,1.9,150,900,1.7,290,,True,0,67,159382,91767,147,40,80,13338,7478,29785,16220,41600,22132,40114,21302,24634,12656,10956,5473,4281,2099,1262,605,1424157,0
66,68,npc_dota_hero_ancient_apparition,Ancient Apparition,int,Ranged,"['Support', 'Disabler', 'Nuker']",/apps/dota2/images/heroes/ancient_apparition_full.png?,/apps/dota2/images/heroes/ancient_apparition_icon.png,200,,75,0.0,-1.0,25,21,31,20,20,23,1.9,2.2,3.4,675,1250,1.7,285,,True,2,68,224141,121482,353,170,298,12758,6875,31055,16976,46828,25482,48777,26626,32943,17884,16052,8831,7583,4060,2796,1484,1523127,0
67,69,npc_dota_hero_doom_bringer,Doom,str,Melee,"['Carry', 'Disabler', 'Initiator', 'Durable', 'Nuker']",/apps/dota2/images/heroes/doom_bringer_full.png?,/apps/dota2/images/heroes/doom_bringer_icon.png,200,,75,0.0,3.0,25,34,44,24,11,15,3.7,0.9,2.1,200,900,1.9,285,,True,2,69,62580,27350,149,55,108,5475,2501,12274,5512,18730,8670,20192,9500,14781,7139,7560,3688,3792,1829,1546,750,639477,0
68,70,npc_dota_hero_ursa,Ursa,agi,Melee,"['Carry', 'Jungler', 'Durable', 'Disabler']",/apps/dota2/images/heroes/ursa_full.png?,/apps/dota2/images/heroes/ursa_icon.png,200,0.5,75,0.0,1.0,25,24,28,24,18,16,2.6,2.6,1.5,150,900,1.7,310,,True,2,70,187188,98901,414,86,157,13622,6618,28143,14052,41205,20778,44029,22418,31081,15908,15600,7900,7362,3771,2486,1270,1828389,0
69,71,npc_dota_hero_spirit_breaker,Spirit Breaker,str,Melee,"['Carry', 'Initiator', 'Disabler', 'Durable', 'Escape']",/apps/dota2/images/heroes/spirit_breaker_full.png?,/apps/dota2/images/heroes/spirit_breaker_icon.png,200,1.25,75,0.0,2.0,25,31,41,29,17,14,3.1,1.7,1.8,150,900,1.9,290,,True,2,71,197893,99943,4,10,17,15650,7948,26675,13524,33033,16641,28846,14379,17880,9070,7872,3943,3406,1714,1119,586,1538429,0
70,72,npc_dota_hero_gyrocopter,Gyrocopter,agi,Ranged,"['Carry', 'Nuker', 'Disabler']",/apps/dota2/images/heroes/gyrocopter_full.png?,/apps/dota2/images/heroes/gyrocopter_icon.png,200,,75,0.0,2.0,25,16,22,22,26,21,2.5,3.6,2.1,365,3000,1.7,315,,True,2,72,102334,51817,61,41,81,8335,4131,16236,7999,23342,11299,23409,11389,14617,6955,6238,2964,2654,1291,901,455,762702,0
71,73,npc_dota_hero_alchemist,Alchemist,str,Melee,"['Carry', 'Support', 'Durable', 'Disabler', 'Initiator', 'Nuker']",/apps/dota2/images/heroes/alchemist_full.png?,/apps/dota2/images/heroes/alchemist_icon.png,200,,75,0.0,-1.0,25,24,33,25,22,25,2.7,1.5,1.8,150,900,1.7,305,,True,2,73,52739,21458,7,3,7,6116,2767,11682,5273,14181,6520,11777,5460,6306,2926,2437,1152,824,375,167,62,1011653,0
72,74,npc_dota_hero_invoker,Invoker,int,Ranged,"['Carry', 'Nuker', 'Disabler', 'Escape', 'Pusher']",/apps/dota2/images/heroes/invoker_full.png?,/apps/dota2/images/heroes/invoker_icon.png,200,,75,0.0,0.0,25,29,35,18,14,15,2.4,1.9,4.6,600,900,1.7,280,,True,2,74,441671,217582,305,79,125,20573,9806,46826,22893,70093,35114,70749,35695,46379,23550,21854,11397,9307,4876,2739,1455,2651808,0
73,75,npc_dota_hero_silencer,Silencer,int,Ranged,"['Carry', 'Support', 'Disabler', 'Initiator', 'Nuker']",/apps/dota2/images/heroes/silencer_full.png?,/apps/dota2/images/heroes/silencer_icon.png,200,,75,0.0,-1.0,25,18,32,19,22,25,2.7,2.4,2.9,600,900,1.7,290,,True,2,75,252696,138478,10,6,14,19122,10493,35989,19395,43662,23099,37459,19853,20653,10852,7722,3996,2741,1373,609,306,1663206,0
74,76,npc_dota_hero_obsidian_destroyer,Outworld Devourer,int,Ranged,"['Carry', 'Nuker', 'Disabler']",/apps/dota2/images/heroes/obsidian_destroyer_full.png?,/apps/dota2/images/heroes/obsidian_destroyer_icon.png,200,1.0,75,0.0,2.5,25,19,31,21,22,30,2.9,1.6,4.2,450,900,1.9,320,,True,4,76,92184,44274,61,10,24,7701,3823,16713,8245,25023,12744,26584,13417,18070,9092,8287,4165,3655,1834,822,397,1459109,0
75,77,npc_dota_hero_lycan,Lycan,str,Melee,"['Carry', 'Pusher', 'Jungler', 'Durable', 'Escape']",/apps/dota2/images/heroes/lycan_full.png?,/apps/dota2/images/heroes/lycan_icon.png,200,,75,0.0,0.0,25,24,29,26,16,23,3.4,1.7,1.7,150,900,1.7,305,,True,2,77,32768,15015,39,8,21,1924,858,2860,1263,3295,1390,3176,1408,1968,907,942,420,434,201,216,108,325288,0
76,78,npc_dota_hero_brewmaster,Brewmaster,str,Melee,"['Carry', 'Initiator', 'Durable', 'Disabler', 'Nuker']",/apps/dota2/images/heroes/brewmaster_full.png?,/apps/dota2/images/heroes/brewmaster_icon.png,200,0.5,75,0.0,-1.0,25,29,36,23,19,15,3.7,2.0,1.6,150,900,1.7,310,,True,2,78,27471,13453,5,6,13,1639,808,3086,1551,4428,2198,4804,2443,3567,1809,1986,1002,1107,553,460,238,233848,0
77,79,npc_dota_hero_shadow_demon,Shadow Demon,int,Ranged,"['Support', 'Disabler', 'Initiator', 'Nuker']",/apps/dota2/images/heroes/shadow_demon_full.png?,/apps/dota2/images/heroes/shadow_demon_icon.png,200,,75,0.0,0.0,25,29,33,23,18,22,2.6,2.2,3.6,500,900,1.7,290,,True,2,79,49673,22494,62,33,71,2868,1329,6247,2849,9941,4802,10911,5278,7638,3731,3938,1952,1840,899,685,348,395874,0
78,80,npc_dota_hero_lone_druid,Lone Druid,agi,Ranged,"['Carry', 'Pusher', 'Jungler', 'Durable']",/apps/dota2/images/heroes/lone_druid_full.png?,/apps/dota2/images/heroes/lone_druid_icon.png,200,0.25,75,0.0,-2.0,25,18,22,18,20,13,2.5,2.8,1.4,550,900,1.6,325,,True,2,80,37029,15357,5,3,6,2746,1237,4441,2021,5205,2410,4793,2264,2890,1393,1171,575,453,203,167,89,258505,0
79,81,npc_dota_hero_chaos_knight,Chaos Knight,str,Melee,"['Carry', 'Disabler', 'Durable', 'Pusher', 'Initiator']",/apps/dota2/images/heroes/chaos_knight_full.png?,/apps/dota2/images/heroes/chaos_knight_icon.png,200,,75,0.0,2.0,25,29,59,22,18,18,3.4,1.4,1.2,150,900,1.7,320,,True,2,81,130420,70215,45,33,55,16050,8622,24361,12879,26641,14013,22322,11764,13660,7168,6400,3319,2943,1539,982,504,986513,0
80,82,npc_dota_hero_meepo,Meepo,agi,Melee,"['Carry', 'Escape', 'Nuker', 'Disabler', 'Initiator', 'Pusher']",/apps/dota2/images/heroes/meepo_full.png?,/apps/dota2/images/heroes/meepo_icon.png,200,0.25,75,0.0,4.0,25,29,35,24,17,20,1.8,1.8,1.6,150,900,1.7,330,0.7,True,2,82,61830,30437,14,5,8,5102,2746,6805,3717,7945,4371,7063,3840,4398,2496,2081,1159,932,513,246,146,270768,0
81,83,npc_dota_hero_treant,Treant Protector,str,Melee,"['Support', 'Initiator', 'Durable', 'Disabler', 'Escape']",/apps/dota2/images/heroes/treant_full.png?,/apps/dota2/images/heroes/treant_icon.png,200,,75,0.5,-1.0,25,62,70,25,15,20,3.4,2.0,1.8,150,900,1.9,280,,True,2,83,100360,50873,69,51,107,9368,4853,18920,9968,24946,12901,24057,12534,15878,8338,7521,3888,3499,1829,1373,755,913511,0
82,84,npc_dota_hero_ogre_magi,Ogre Magi,int,Melee,"['Support', 'Nuker', 'Disabler', 'Durable', 'Initiator']",/apps/dota2/images/heroes/ogre_magi_full.png?,/apps/dota2/images/heroes/ogre_magi_icon.png,200,3.25,75,0.0,5.0,25,34,40,23,14,15,3.5,1.5,2.5,150,900,1.7,290,,True,2,84,476778,256309,8,12,26,29985,16066,58917,31389,75486,39849,66965,34954,38569,20199,15366,7975,5536,2955,1238,655,2942306,0
83,85,npc_dota_hero_undying,Undying,str,Melee,"['Support', 'Durable', 'Disabler', 'Nuker']",/apps/dota2/images/heroes/undying_full.png?,/apps/dota2/images/heroes/undying_icon.png,200,,75,0.0,1.0,25,35,43,22,10,27,2.8,1.2,2.8,150,900,1.7,300,,True,2,85,120263,63873,17,34,50,10320,5299,17835,8964,20685,10443,17268,8562,10057,5014,4341,2136,1813,882,642,305,978524,0
84,86,npc_dota_hero_rubick,Rubick,int,Ranged,"['Support', 'Disabler', 'Nuker']",/apps/dota2/images/heroes/rubick_full.png?,/apps/dota2/images/heroes/rubick_icon.png,200,,75,0.0,0.0,25,24,30,21,23,25,2.0,2.5,3.1,550,1125,1.7,290,0.7,True,2,86,270603,120261,34,46,96,13578,5915,31417,13983,50231,22453,55015,25016,38337,17643,18435,8574,7973,3751,2540,1241,2358362,0
85,87,npc_dota_hero_disruptor,Disruptor,int,Ranged,"['Support', 'Disabler', 'Nuker', 'Initiator']",/apps/dota2/images/heroes/disruptor_full.png?,/apps/dota2/images/heroes/disruptor_icon.png,200,,75,0.0,0.0,25,29,33,21,15,20,2.4,1.4,2.9,625,1200,1.7,295,,True,2,87,92209,45566,5,20,54,8415,4114,19802,9857,30203,14968,30839,15386,20683,10365,9676,4846,4125,2019,1332,621,1285813,0
86,88,npc_dota_hero_nyx_assassin,Nyx Assassin,agi,Melee,"['Disabler', 'Nuker', 'Initiator', 'Escape']",/apps/dota2/images/heroes/nyx_assassin_full.png?,/apps/dota2/images/heroes/nyx_assassin_icon.png,200,2.5,75,0.0,1.0,25,27,31,18,19,21,2.5,2.5,2.1,150,900,1.7,310,,True,6,88,141339,72008,396,109,201,6581,3282,14300,7090,22231,11438,24647,12927,18154,9735,9298,4992,4484,2477,1910,1039,1178839,0
87,89,npc_dota_hero_naga_siren,Naga Siren,agi,Melee,"['Carry', 'Support', 'Pusher', 'Disabler', 'Initiator', 'Escape']",/apps/dota2/images/heroes/naga_siren_full.png?,/apps/dota2/images/heroes/naga_siren_icon.png,200,1.5,75,0.0,3.0,25,23,25,22,21,21,2.8,3.5,2.0,150,900,1.7,330,,True,0,89,57722,31060,23,11,17,5080,2650,7338,3812,8017,4140,6427,3260,3552,1809,1621,792,810,416,286,155,342010,0
88,90,npc_dota_hero_keeper_of_the_light,Keeper of the Light,int,Ranged,"['Support', 'Nuker', 'Disabler', 'Jungler']",/apps/dota2/images/heroes/keeper_of_the_light_full.png?,/apps/dota2/images/heroes/keeper_of_the_light_icon.png,200,,75,0.0,-1.0,25,18,25,18,15,23,2.3,1.6,3.2,600,900,1.7,330,,True,2,90,64618,29289,8,9,18,5901,2697,11042,5114,14589,6902,13742,6538,8575,4172,3827,1849,1800,912,601,292,667149,0
89,91,npc_dota_hero_wisp,Io,str,Ranged,"['Support', 'Escape', 'Nuker']",/apps/dota2/images/heroes/wisp_full.png?,/apps/dota2/images/heroes/wisp_icon.png,200,,75,0.0,1.0,25,28,34,17,14,23,3.0,1.6,1.7,500,1200,1.7,320,0.7,True,0,91,55418,24539,64,17,29,2884,1271,5197,2374,6919,3134,6759,3105,4549,2088,2163,1035,1007,479,404,208,442053,0
90,92,npc_dota_hero_visage,Visage,int,Ranged,"['Support', 'Nuker', 'Durable', 'Disabler', 'Pusher']",/apps/dota2/images/heroes/visage_full.png?,/apps/dota2/images/heroes/visage_icon.png,200,,75,0.0,-1.0,25,23,33,22,11,22,2.8,1.3,2.9,600,1400,1.7,285,,True,2,92,27198,12534,14,2,4,1481,678,2493,1215,3380,1722,3638,1885,2820,1457,1677,911,1091,612,478,250,175694,0
91,93,npc_dota_hero_slark,Slark,agi,Melee,"['Carry', 'Escape', 'Disabler', 'Nuker']",/apps/dota2/images/heroes/slark_full.png?,/apps/dota2/images/heroes/slark_icon.png,200,1.75,75,0.0,0.0,25,32,40,21,21,16,1.9,1.7,1.7,150,0,1.7,300,0.7,True,2,93,249194,125847,97,20,38,20692,10687,42635,21379,57286,28490,53186,26274,33165,16504,15110,7599,6086,3018,1756,926,2358648,0
92,94,npc_dota_hero_medusa,Medusa,agi,Ranged,"['Carry', 'Disabler', 'Durable']",/apps/dota2/images/heroes/medusa_full.png?,/apps/dota2/images/heroes/medusa_icon.png,200,0.25,75,0.0,-1.0,25,26,32,17,22,23,1.5,3.6,3.4,600,1200,1.7,275,,True,0,94,168796,92780,392,80,150,17376,9107,34797,18509,46837,24682,43301,22594,26822,13892,12009,6146,4932,2471,1714,883,1142027,0
93,95,npc_dota_hero_troll_warlord,Troll Warlord,agi,Ranged,"['Carry', 'Pusher', 'Disabler', 'Durable']",/apps/dota2/images/heroes/troll_warlord_full.png?,/apps/dota2/images/heroes/troll_warlord_icon.png,200,0.25,75,0.0,-1.0,25,27,35,21,21,13,2.5,3.3,1.0,500,1200,1.7,290,,True,2,95,137118,70518,177,24,62,12809,6404,18445,8999,20887,10054,17886,8489,10890,5087,4814,2244,1953,890,648,293,1312428,0
94,96,npc_dota_hero_centaur,Centaur Warrunner,str,Melee,"['Durable', 'Initiator', 'Disabler', 'Nuker', 'Escape']",/apps/dota2/images/heroes/centaur_full.png?,/apps/dota2/images/heroes/centaur_icon.png,200,,75,0.0,0.0,25,36,38,27,15,15,4.6,1.0,1.6,150,900,1.7,300,,True,4,96,102366,54770,306,99,208,10929,5774,25029,13154,35734,18584,35776,18536,23548,11884,11235,5665,5285,2704,1899,946,983795,0
95,97,npc_dota_hero_magnataur,Magnus,str,Melee,"['Initiator', 'Disabler', 'Nuker', 'Escape']",/apps/dota2/images/heroes/magnataur_full.png?,/apps/dota2/images/heroes/magnataur_icon.png,200,0.5,75,0.0,1.0,25,32,40,25,15,19,3.5,2.5,1.7,150,900,1.8,305,0.8,True,4,97,96667,44064,122,81,153,4744,2103,14050,6617,25393,11889,29688,14171,21448,10380,10696,5228,4507,2213,1705,860,804462,0
96,98,npc_dota_hero_shredder,Timbersaw,str,Melee,"['Nuker', 'Durable', 'Escape']",/apps/dota2/images/heroes/shredder_full.png?,/apps/dota2/images/heroes/shredder_icon.png,200,,75,0.5,0.0,25,26,30,24,16,23,3.2,1.6,2.7,150,900,1.7,290,,True,2,98,98125,45797,573,88,169,8638,3965,18453,8629,26135,12361,26981,12694,18593,8837,9646,4746,4781,2376,2074,1036,1025781,0
97,99,npc_dota_hero_bristleback,Bristleback,str,Melee,"['Carry', 'Durable', 'Initiator', 'Nuker']",/apps/dota2/images/heroes/bristleback_full.png?,/apps/dota2/images/heroes/bristleback_icon.png,200,,75,0.25,1.0,25,30,36,22,17,14,2.9,1.8,2.8,150,900,1.8,290,0.9,True,2,99,301256,159883,204,51,113,28984,15429,50666,26595,64807,33496,59598,31010,36825,19034,16540,8435,7072,3607,2034,1025,2112904,0
98,100,npc_dota_hero_tusk,Tusk,str,Melee,"['Initiator', 'Disabler', 'Nuker']",/apps/dota2/images/heroes/tusk_full.png?,/apps/dota2/images/heroes/tusk_icon.png,200,0.75,75,0.0,1.0,25,27,31,23,23,18,3.9,2.1,1.7,150,900,1.7,315,0.7,True,2,100,99800,44990,42,53,117,6109,2701,13748,6237,20469,9270,21015,9582,14210,6502,6936,3151,3221,1544,1267,581,1103334,0
99,101,npc_dota_hero_skywrath_mage,Skywrath Mage,int,Ranged,"['Support', 'Nuker', 'Disabler']",/apps/dota2/images/heroes/skywrath_mage_full.png?,/apps/dota2/images/heroes/skywrath_mage_icon.png,200,,75,0.0,-2.0,25,16,26,21,13,25,2.0,0.8,4.1,625,1000,1.7,325,,True,2,101,229537,118135,14,14,34,17247,8942,28442,14464,33849,17204,30109,15141,19065,9660,8476,4203,3850,1899,1151,555,1393889,0
100,102,npc_dota_hero_abaddon,Abaddon,str,Melee,"['Support', 'Carry', 'Durable']",/apps/dota2/images/heroes/abaddon_full.png?,/apps/dota2/images/heroes/abaddon_icon.png,200,1.0,75,0.0,-1.0,25,28,38,23,23,18,3.0,1.5,2.0,150,900,1.7,325,0.6,True,2,102,88957,48114,133,58,124,7506,3958,14862,7859,20463,10903,19197,10139,12660,6717,5902,3101,2660,1372,878,455,762212,0
101,103,npc_dota_hero_elder_titan,Elder Titan,str,Melee,"['Initiator', 'Disabler', 'Nuker', 'Durable']",/apps/dota2/images/heroes/elder_titan_full.png?,/apps/dota2/images/heroes/elder_titan_icon.png,200,,75,0.0,0.0,25,23,33,26,14,23,3.0,1.8,1.6,150,900,1.7,310,,True,2,103,42947,21588,88,53,99,2483,1246,4658,2341,6423,3286,6436,3217,4447,2267,2286,1179,1096,561,588,325,265209,0
102,104,npc_dota_hero_legion_commander,Legion Commander,str,Melee,"['Carry', 'Disabler', 'Initiator', 'Durable', 'Nuker']",/apps/dota2/images/heroes/legion_commander_full.png?,/apps/dota2/images/heroes/legion_commander_icon.png,200,,75,0.0,0.0,25,35,39,25,18,20,3.3,1.7,2.2,150,900,1.7,330,,True,2,104,227528,106663,139,35,73,23947,11787,43361,21257,54860,27214,50388,25176,31241,15729,14258,7182,6249,3113,1792,874,2371488,0
103,105,npc_dota_hero_techies,Techies,int,Ranged,"['Nuker', 'Disabler']",/apps/dota2/images/heroes/techies_full.png?,/apps/dota2/images/heroes/techies_icon.png,200,,75,1.0,5.0,25,9,11,19,14,25,2.5,1.3,3.3,700,900,1.7,320,,True,6,105,179709,78786,17,3,9,17637,8905,31022,15053,38099,18265,34167,16402,20576,9687,8686,4088,3630,1746,1049,534,1423458,0
104,106,npc_dota_hero_ember_spirit,Ember Spirit,agi,Melee,"['Carry', 'Escape', 'Nuker', 'Disabler', 'Initiator']",/apps/dota2/images/heroes/ember_spirit_full.png?,/apps/dota2/images/heroes/ember_spirit_icon.png,200,0.5,75,0.0,-1.0,25,33,37,21,22,20,2.6,2.6,2.2,150,900,1.7,305,,True,2,106,118041,51184,201,76,145,6964,2972,17162,7721,28555,12951,32570,15284,23505,11017,11150,5309,5026,2436,1869,924,1219120,0
105,107,npc_dota_hero_earth_spirit,Earth Spirit,str,Melee,"['Nuker', 'Escape', 'Disabler', 'Initiator', 'Durable']",/apps/dota2/images/heroes/earth_spirit_full.png?,/apps/dota2/images/heroes/earth_spirit_icon.png,200,,75,0.0,0.0,25,25,35,22,17,20,4.4,2.4,2.1,150,900,1.7,290,,True,2,107,64426,28446,67,36,83,3293,1487,8053,3716,14071,6562,16213,7607,12381,5860,6518,3144,3195,1608,1470,745,836016,0
106,108,npc_dota_hero_abyssal_underlord,Underlord,str,Melee,"['Support', 'Nuker', 'Disabler', 'Durable', 'Escape']",/apps/dota2/images/heroes/abyssal_underlord_full.png?,/apps/dota2/images/heroes/abyssal_underlord_icon.png,200,,75,0.0,3.0,25,37,43,25,12,17,3.0,1.6,2.3,200,900,1.7,295,,True,2,108,69067,37830,44,17,36,5937,3235,14035,7705,21625,12042,22127,12266,14567,7902,6665,3523,2688,1379,611,307,1027688,0
107,109,npc_dota_hero_terrorblade,Terrorblade,agi,Melee,"['Carry', 'Pusher', 'Nuker']",/apps/dota2/images/heroes/terrorblade_full.png?,/apps/dota2/images/heroes/terrorblade_icon.png,200,1.0,75,0.0,5.0,25,30,36,15,22,19,1.7,4.8,1.6,150,900,1.5,315,,True,2,109,80345,39992,170,40,87,5713,2719,10599,4972,13889,6455,13856,6534,9728,4571,5007,2451,2759,1371,1186,559,565073,0
108,110,npc_dota_hero_phoenix,Phoenix,str,Ranged,"['Support', 'Nuker', 'Initiator', 'Escape', 'Disabler']",/apps/dota2/images/heroes/phoenix_full.png?,/apps/dota2/images/heroes/phoenix_icon.png,200,1.0,75,0.0,-1.0,25,26,36,23,12,16,3.5,1.3,1.8,525,1100,1.7,280,0.9,True,2,110,72220,33589,122,73,148,4024,1845,10007,4658,16281,7541,18587,8547,13432,6162,6999,3278,3351,1567,1342,660,915845,0
109,111,npc_dota_hero_oracle,Oracle,int,Ranged,"['Support', 'Nuker', 'Disabler', 'Escape']",/apps/dota2/images/heroes/oracle_full.png?,/apps/dota2/images/heroes/oracle_icon.png,200,,75,0.5,0.0,25,13,19,20,15,26,2.4,1.7,3.8,620,900,1.7,295,0.7,True,2,111,58295,26610,98,39,98,2973,1344,7622,3550,12937,6099,15519,7415,12321,5901,6785,3332,3459,1716,1205,587,742785,0
110,112,npc_dota_hero_winter_wyvern,Winter Wyvern,int,Ranged,"['Support', 'Disabler', 'Nuker']",/apps/dota2/images/heroes/winter_wyvern_full.png?,/apps/dota2/images/heroes/winter_wyvern_icon.png,200,,75,0.0,0.0,25,14,21,24,16,26,2.6,1.9,3.6,425,700,1.7,285,,True,2,112,120071,62875,50,55,104,8600,4368,18948,9833,27885,14522,29464,15561,21155,11175,11276,6153,5860,3233,2477,1348,793037,0
111,113,npc_dota_hero_arc_warden,Arc Warden,agi,Ranged,"['Carry', 'Escape', 'Nuker']",/apps/dota2/images/heroes/arc_warden_full.png?,/apps/dota2/images/heroes/arc_warden_icon.png,200,0.25,75,0.0,-1.0,25,31,41,23,16,24,2.8,2.5,2.6,625,900,1.7,285,0.7,True,2,113,71182,37190,27,3,14,4432,2185,9044,4730,12786,6744,12983,6858,9433,5079,4932,2673,2014,1065,415,204,590656,0
112,114,npc_dota_hero_monkey_king,Monkey King,agi,Melee,"['Carry', 'Escape', 'Disabler', 'Initiator']",/apps/dota2/images/heroes/monkey_king_full.png?,/apps/dota2/images/heroes/monkey_king_icon.png,200,1.0,75,0.0,2.0,25,29,33,18,22,20,2.8,3.7,1.8,300,900,1.7,305,,True,2,114,162716,74769,71,19,47,15212,7045,26588,12247,33255,15454,30964,14438,19008,8903,8257,3879,3236,1511,900,451,2152023,0
113,119,npc_dota_hero_dark_willow,Dark Willow,int,Ranged,"['Support', 'Nuker', 'Disabler', 'Escape']",/apps/dota2/images/heroes/dark_willow_full.png?,/apps/dota2/images/heroes/dark_willow_icon.png,200,0.5,75,0.0,-1.0,25,27,35,20,18,21,2.0,1.6,3.5,475,1200,1.5,290,0.7,True,2,119,135466,65886,56,73,141,9669,4771,18936,9291,27079,13650,28668,14628,19780,10222,10191,5310,4810,2481,2018,1048,994208,0
114,120,npc_dota_hero_pangolier,Pangolier,agi,Melee,"['Carry', 'Nuker', 'Disabler', 'Durable', 'Escape', 'Initiator']",/apps/dota2/images/heroes/pangolier_full.png?,/apps/dota2/images/heroes/pangolier_icon.png,200,0.25,75,0.0,1.0,25,33,39,17,18,16,2.5,3.2,1.9,150,900,1.7,305,0.9,True,2,120,76685,34548,48,34,71,3831,1738,8862,4026,15391,7173,19123,9049,15399,7454,8571,4134,4309,2115,1812,901,889617,0
115,121,npc_dota_hero_grimstroke,Grimstroke,int,Ranged,"['Support', 'Nuker', 'Disabler', 'Escape']",/apps/dota2/images/heroes/grimstroke_full.png?,/apps/dota2/images/heroes/grimstroke_icon.png,200,,75,0.0,0.0,25,21,25,21,18,25,2.4,1.9,3.8,600,900,1.7,290,,True,2,121,111496,54773,141,103,241,10112,4892,23810,11934,37547,18658,41571,20860,29221,14693,14658,7273,6757,3269,2299,1124,1421658,0
116,123,npc_dota_hero_hoodwink,Hoodwink,agi,Ranged,"['Nuker', 'Escape', 'Disabler']",/apps/dota2/images/heroes/hoodwink_full.png?,/apps/dota2/images/heroes/hoodwink_icon.png,200,0.25,75,0.0,0.0,25,22,29,17,24,21,2.0,3.6,2.9,575,1800,2.0,320,0.9,True,2,123,196973,96242,47,51,107,9979,4850,21380,10871,34623,17735,39441,20088,29409,15203,14980,7800,6898,3539,2717,1351,1911970,0
117,126,npc_dota_hero_void_spirit,Void Spirit,int,Melee,"['Carry', 'Escape', 'Nuker', 'Disabler']",/apps/dota2/images/heroes/void_spirit_full.png?,/apps/dota2/images/heroes/void_spirit_icon.png,200,,75,0.6,-1.0,25,30,34,22,19,24,2.6,2.2,3.1,200,900,1.7,295,0.7,True,2,126,92397,41928,171,46,107,5652,2555,11354,5308,17780,8416,20631,9887,15625,7397,8522,4028,4141,2045,1775,843,1121068,0
118,128,npc_dota_hero_snapfire,Snapfire,str,Ranged,"['Support', 'Nuker', 'Disabler', 'Escape']",/apps/dota2/images/heroes/snapfire_full.png?,/apps/dota2/images/heroes/snapfire_icon.png,200,,75,0.0,1.0,25,26,32,20,16,21,3.3,1.9,2.2,500,1800,1.6,300,,True,2,128,140827,63447,170,180,338,8456,3843,21442,9920,36004,16913,40925,19007,29180,13365,14551,6938,6495,3034,2421,1129,1121069,0
119,129,npc_dota_hero_mars,Mars,str,Melee,"['Carry', 'Initiator', 'Disabler', 'Durable']",/apps/dota2/images/heroes/mars_full.png?,/apps/dota2/images/heroes/mars_icon.png,200,,75,0.5,-1.0,25,29,37,23,20,21,3.4,1.7,2.2,250,900,1.8,310,0.8,True,2,129,119751,57818,389,152,316,8731,4106,21233,9986,35202,16590,40174,18897,29777,13981,15675,7405,7427,3506,3054,1475,1667467,0
120,135,npc_dota_hero_dawnbreaker,Dawnbreaker,str,Melee,"['Carry', 'Durable']",/apps/dota2/images/heroes/dawnbreaker_full.png?,/apps/dota2/images/heroes/dawnbreaker_icon.png,200,,75,0.0,2.0,25,31,35,26,20,20,3.6,2.4,2.2,150,900,1.7,310,0.6,False,2,135,109955,51802,0,1,1,10082,4970,20250,10009,29706,14843,30889,15415,21727,10828,10769,5362,5041,2513,1925,977,864937,0
